ID,Kind,System,Method_what_pressure_means,Reported_pressure_or_result,Theory_or_comparison,Evidence_tag,Reference,DOI_or_link
T1,Theory,Close-packed particle layer in emulsion film,Cell model; Pc needed to drain film between particles,"Pc,max rises as R falls and theta falls","First quantitative Pc,max mechanism",A,"Denkov, Ivanov, Kralchevsky, Wasan, JCIS 150 (1992) 589",
T2,Theory,"Monolayer/bilayer; o/w, w/o, foams","Pc,max = ±2 p sigma (cos theta ± z)/R","z=0 monolayer; bilayer p=4.27,z=0.405 (theta<90); p=2.73,z=0.633 (90-129.3); optimum theta ~70-86 deg for foams",See README section 3,"A formula / S p,z / N monolayer p","Kaptay, Colloids Surf A 230 (2003) 67; 282-283 (2006) 387",https://www.sciencedirect.com/science/article/abs/pii/S0927775705009775
T3,Theory,"Monodisperse spheres, dense hexagonal layer",Pc(h) isotherm; threshold rupture pressure,"Pc,max(theta,R) calculated",Basis of Penza 'theory' value,A; values N,"Nushtaeva & Kruglyakov, Mendeleev Commun 11 (2001) 235; Colloid J 65 (2003) 341",10.1070/MC2001v011n06ABEH001505; 10.1023/A:1024262924419
T4,Theory (Surface Evolver),Regular 2D/3D arrays in film,"Rupture Pc vs spacing, theta, packing",Rupture Pc rises as spacing shrinks,,A,"Morris, Pursell, Neethling, Cilliers, JCIS 327 (2008) 138",https://www.sciencedirect.com/science/article/abs/pii/S0021979708009508
T5,Theory (Surface Evolver),"Random packing, up to 20 particles/cell","Rupture Pc vs packing density, theta",Same trends but always lower than regular packing (larger free-film areas),Theoretical support for defect explanation,A,"Morris, Neethling, Cilliers, Langmuir 27 (2011) 11475",10.1021/la202028p
T6,Theory (~3500 simulations),Random packings,"Closed-form Pc,crit(film loading, theta)",Equation in paper,,A; equation N,"Morris, Neethling, Cilliers, Langmuir 30 (2014) 995",10.1021/la404180z
T7,Theory/experiment,Silica in emulsion films,Bilayer vs bridging monolayer,Bilayer turns into bridging monolayer at low Pc,Bridging can stabilise sparse layers,S,"Horozov & Binks, Angew Chem 45 (2006) 773; Horozov, COCIS 13 (2008) 134",
T8,Theory,Solid-coated bubbles,Allowed Pc,Can sustain zero/negative ('anomalous') Pc,Explains ripening arrest,K,"Kam & Rossen, JCIS 213 (1999) 329",
E1,Emulsion,"n-decane/water, modified silica","Porous plate + centrifuge; Pc applied by lowering continuous-phase pressure; lifetime vs Pc, theta",~100 kPa breaks the emulsion,"~25% of calculated Pc,max (implies ~400 kPa)",A method / S numbers,"Kruglyakov, Nushtayeva, Vilkova, JCIS 276 (2004) 465",10.1016/j.jcis.2004.03.059
E2,Emulsion (chapter),Same group,-,Experimental Pmax ~0.25 x theory,Put down to sharp fall of capillary part of film elasticity + packing defects,S,"Kruglyakov & Nushtaeva, ch.16 in Petsev (ed.) Emulsions: Structure, Stability and Interactions, Elsevier 2004, 641-676",
E3,Thin-layer emulsion,Aerosil 12 nm (aggregates ~200 nm); Ludox HS 15 nm (aggregates ~60 nm); S-3 silica 540+/-120 nm,"Stability vs Pc, theta, aggregation",Values N,Aggregation sets effective R,A; N,"Kruglyakov & Nushtayeva, Colloids Surf A 263 (2005) 330",10.1016/j.colsurfa.2005.04.004
E4,Model emulsion film,Hexagonally packed transparent glass spheres,"Measured Pc(h) and Pc,max",Values N,Good agreement with theory when packing is perfect,A,Nushtaeva & Kruglyakov 2001/2003; Colloid J 66 (2004) 456,10.1023/B:COLL.0000037453.07280.6d
E5,Model film,Particle film being stretched,Pc change on stretching (capillary part of elasticity),"Pc at max capillary elasticity ~ 1/2 Pc,max",Mechanism (i) of E2,S,Colloid J 70(3) (2008),10.1134/S1061933X08030046
E6,W/O film,Modified Al(OH)3,Applied pressure drop: slow vs sudden ramp,Sudden ramp ruptures thicker/earlier,Put down to particle repacking (dynamic defect),A,"Nushtaeva, Soft 3 (2014) 1",https://file.scirp.org/Html/2-2780003_43637.htm
E7,Emulsion,"Octane/water, carbon black 0.015 wt% + 0.6 M NaCl",Centrifuge demulsification pressure P = drho g_k (V_oil - V_released)/A,4.6 kPa,Centrifuge ranking predicts stability in capillary-tube flow,S/A,"Hatchell et al., Colloids Surf A 586 (2020)",https://www.sciencedirect.com/science/article/abs/pii/S0927775719312518
E8,Emulsion,Carbon black vs salinity,Same,Values N,Salt -> networks of unattached particles between drops -> more stable,A; N,"Hatchell et al., JCIS 608 (2022) 2321",https://www.sciencedirect.com/science/article/abs/pii/S0021979721018312
E9,Emulsion,PEG-coated silica,Same,Values N,Mildly aggregated particles (0.5-1.0 umol/m2 PEG) most stable,A; N,"Hatchell et al., JCIS (2022)",https://www.sciencedirect.com/science/article/abs/pii/S0021979722011742
E10,Concentrated emulsion,"Monodisperse O/W, solid-stabilised",Osmotic resistance Pi vs phi above phi*~0.64,Pi/(gamma/R) substantially higher than surfactant emulsions,"Deformation governed by surface rigidity/yield stress, not Laplace pressure",A; values N,"Arditty, Schmitt, Lequeux, Leal-Calderon, EPJ B 44 (2005) 381; JCIS 275 (2004) 659",10.1140/epjb/e2005-00137-0
E11,Survey,Surfactant/protein/particle emulsions,Critical osmotic pressure (centrifugation),"Surfactant >CMC, ~3 um drops: 20-60 kPa; P*R ~0.1-0.3 Pa m",No evidence particle emulsions are exceptionally coalescence-resistant; particles stop Ostwald ripening,A/S,"Tcholakova, Denkov, Lips, PCCP 10 (2008) 1608",10.1039/B715933C
E12,Concentrated emulsion,Silanised silica,Rheology (yield stress),Values N,Elastic solids that coalesce when they yield; elasticity tracks salt/aggregation,A; N,"Whitby & Krebsz, Soft Matter 10 (2014) 4848",10.1039/C4SM00491D
E13,Emulsion (microfluidic),"Model particles, coverage <3%",Coalescence in a chip,Stable >=12 h,Bridging 'crowns' at drop contacts,A,Adv Sci (2025),10.1002/advs.202409903
E14,Emulsion,"Silica, latex, cubes",Coverage vs stability,Kinetically stable at very low coverage,"Not a Pc,max mechanism",A,"Destribats et al., Prog Colloid Polym Sci 137 (2010) 13",
F1,Foam/single film (surfactant),-,FPDT vs single film,Critical Pc depends on film size,Weakest-link baseline,A,"Khristov, Exerowa, Minkov, Colloids Surf A 210 (2002) 159",
F2,Foam/foam film,Silica+hexylamine; Ludox+hexylamine,"P_cr,film (single film) vs P_cr,foam (FPDT)",Same below ~20 kPa; diverge above ~20 kPa,Film-size spread in a foam -> earlier failure,S,"Vilkova, Elaneva, Kruglyakov, Karakashev, Mendeleev Commun 2011/2012; Kruglyakov et al. ACIS 165 (2011) 108",10.1016/j.mencom.2011.11.018; 10.1016/j.mencom.2012.07.003
F3,Foam film,PNIPAM microgels,"Thin-film pressure balance (drainage, adhesion)","1 wt%: bilayer, not adhesive; 0.1 wt%: monolayer, bridging, adhesive",,A,"Keal et al., Soft Matter (2017)",10.1039/c6sm00873a
F4,Granular soap film,"Particles of a few hundred um, above random close packing",Liquid pressure vs hole-opening behaviour,Critical pressure scales as gamma/d,Holes between particles don't make a dense film fail,A,"Retailleau, Khidas, Rouyer, RSC Adv 13 (2023) 30905",10.1039/D3RA04938H
F5,Foam film,PNIPAM microgels,Spatially resolved thin-film pressure balance,Thick network zones + ~30 nm depleted thin zones,Built-in heterogeneity,A,arXiv:2608.11999 (2026),https://arxiv.org/abs/2608.11999
D1,Armoured bubble,PS particles on air bubbles,Dissolution,Faceted bubble: Laplace overpressure -> 0; dissolution stops,,A,"Abkarian et al., PRL 99 (2007) 188301",
D2,Armoured bubble,PS beads; particle diameter varied x9,Ambient overpressure to collapse,"dP_collapse ~ 1.57 gamma/R_bubble, independent of particle size",Plastic failure by displacement of single particles,S/A,"Taccoen, Lequeux, Gunes, Baroud, PRX 6 (2016) 011010",10.1103/PhysRevX.6.011010
D3,Armoured drop,"Water drops, a/R 0.02-0.2",Deflation to collapse,Crumpling -> faceting -> granular arch; collapse pressure rises with a/R,,A; values N,"Pitois, Buisson, Chateau, EPJ E 38 (2015) 48",10.1140/epje/i2015-15048-9
D4,Particle-coated drop,"Hexadecane/water, amphiphilic dumbbells",Micropipette suction,Drips then buckles; critical pressures set by gamma; only modest strengthening; SDS-coated weaker than bare,,A,"Samudrala et al., PRE 95 (2017) 012805",10.1103/PhysRevE.95.012805
D5,Drop in a pore,Pickering drops,Flow through constriction,"Particle expulsion when surface pressure builds and buckling is blocked; depends on Ca, a/pore, R/a",,A,"De Soete et al., arXiv:2210.09799",https://arxiv.org/abs/2210.09799
S1,Structure,Colloids on drops,Imaging,At least 12 disclinations; scars above ~300 particles; 3-6 dislocations per scar,Perfect order on a drop is impossible,A,"Bausch et al., Science 299 (2003) 1716",
S2,Structure (simulation),Polydisperse adsorbed layers,Packing and fracture,Amorphous above ~10.5% size spread; bimodal mixtures weaker/more brittle,,A,arXiv:1201.5493,https://arxiv.org/abs/1201.5493
S3,Structure (theory),Irreversible random adsorption of disks,Jamming coverage,0.547 (vs 0.907 hexagonal close packing),Close packing needs lateral compression,A,"Random sequential adsorption review, arXiv:cond-mat/9906428",
