series,condition,core_width,core_se,Delta_star,Delta_star_se,U_star_kT,lambda,lambda_se,p_open,p_se,s_open,s_se,dG_open_kT,excess_3sigma,excess_3sigma_se
mw,5,0.997,0.010,2.84,0.50,4.02,0.629,0.082,0.048,0.023,1.96,0.18,2.99,3.19,0.54
mw,10,1.075,0.015,2.51,0.10,3.15,0.797,0.055,0.137,0.022,1.99,0.06,1.84,7.58,0.57
mw,20,1.058,0.019,2.51,0.12,3.15,1.235,0.081,0.093,0.014,2.74,0.11,2.28,10.32,0.93
mw,4-arm,1.051,0.006,2.64,0.13,3.50,0.475,0.031,0.239,0.051,1.45,0.04,1.16,4.20,0.29
sw,0.5,1.047,0.008,2.57,0.10,3.30,0.807,0.079,0.103,0.027,2.09,0.11,2.17,6.64,0.86
sw,2,1.026,0.003,2.61,0.16,3.40,0.769,0.087,0.092,0.028,2.07,0.13,2.29,5.89,0.87
sw,24,1.013,0.024,2.58,0.07,3.34,0.906,0.050,0.113,0.019,2.25,0.08,2.06,8.54,0.77
tt,5,1.044,0.008,2.52,0.14,3.17,0.840,0.069,0.135,0.026,2.11,0.08,1.85,8.65,0.86
tt,15,1.009,0.009,2.54,0.20,3.22,0.785,0.061,0.091,0.019,2.04,0.09,2.30,5.71,0.55
tt,25,1.030,0.020,2.63,0.23,3.46,0.692,0.094,0.089,0.030,1.90,0.13,2.32,4.69,0.65
tt,35,1.058,0.027,2.71,0.19,3.68,0.849,0.122,0.056,0.017,2.24,0.17,2.83,4.67,0.65
tt,45,0.995,0.015,2.85,0.19,4.05,0.544,0.025,0.089,0.017,1.67,0.05,2.32,3.34,0.21
