peg_wt_pct,sample,t0h,t2h,t5h,t8h,t21h,t32h,t44h,t68h,t80h
0,S1,1.0,0.977,1.011,1.02,1.019,0.99,1.001,1.007,1.012
0,S2,1.0,1.028,1.031,1.02,1.019,1.012,1.001,1.007,1.012
0,S3,1.0,0.999,1.003,1.0,1.013,1.028,1.013,1.006,1.021
5,S1,1.0,1.042,1.046,1.028,1.01,1.01,1.01,1.003,1.003
5,S2,1.0,0.997,1.008,0.99,0.955,0.954,0.928,0.908,0.923
5,S3,1.0,1.033,1.018,1.009,0.972,0.982,0.967,0.972,0.959
10,S1,1.0,0.965,0.948,0.949,0.903,0.885,0.882,0.879,0.89
10,S2,1.0,0.965,0.948,0.917,0.867,0.829,0.821,0.815,0.828
10,S3,1.0,1.006,0.967,0.915,0.882,0.851,0.787,0.826,0.826
15,S1,1.0,0.9,0.846,0.787,0.76,0.764,0.746,0.751,0.764
15,S2,1.0,0.922,0.878,0.842,0.76,0.736,0.746,0.744,0.738
15,S3,1.0,0.944,0.877,0.831,0.754,0.726,0.741,0.767,0.779
20,S1,1.0,0.882,0.708,0.538,0.39,0.397,0.41,0.391,0.367
20,S2,1.0,0.848,0.872,0.854,0.856,0.882,0.887,0.867,0.882
20,S3,1.0,0.821,0.651,0.508,0.39,0.377,0.4,0.379,0.385
